{"assets/images/210817%20art_photo_logo.png":["assets/images/210817%20art_photo_logo.png"],"assets/images/art_photo_title.png":["assets/images/art_photo_title.png"],"assets/images/card500-250.png":["assets/images/card500-250.png"],"assets/images/sberbank.png":["assets/images/sberbank.png"],"assets/images/title.png":["assets/images/title.png"],"assets/images/title.psd":["assets/images/title.psd"],"fonts/SFProDisplay-Bold.ttf":["fonts/SFProDisplay-Bold.ttf"],"fonts/SFProDisplay-Heavy.ttf":["fonts/SFProDisplay-Heavy.ttf"],"fonts/SFProDisplay-Regular.ttf":["fonts/SFProDisplay-Regular.ttf"],"fonts/SFProDisplay-Semibold.ttf":["fonts/SFProDisplay-Semibold.ttf"],"icons/MyFlutterApp.ttf":["icons/MyFlutterApp.ttf"],"packages/cupertino_icons/assets/CupertinoIcons.ttf":["packages/cupertino_icons/assets/CupertinoIcons.ttf"]}