[{"family":"MaterialIcons","fonts":[{"asset":"fonts/MaterialIcons-Regular.otf"}]},{"family":"SFProDisplay","fonts":[{"weight":600,"asset":"fonts/SFProDisplay-Regular.ttf"},{"weight":700,"asset":"fonts/SFProDisplay-Semibold.ttf"},{"weight":800,"asset":"fonts/SFProDisplay-Bold.ttf"},{"weight":900,"asset":"fonts/SFProDisplay-Heavy.ttf"}]},{"family":"MyFlutterApp","fonts":[{"asset":"icons/MyFlutterApp.ttf"}]},{"family":"packages/cupertino_icons/CupertinoIcons","fonts":[{"asset":"packages/cupertino_icons/assets/CupertinoIcons.ttf"}]}]